Reference, Quantity, Value, Footprint, Datasheet, Description, JEDEC Package Name, Manufacturer Name, Manufacturer Part Number, Vendor 1 Link, Vendor 1 Name, Vendor 1 Part Number, Vendor 1 Price @1, Vendor 1 Pricing Date, Package Comments
C1 C2 C3 C4 C5 C6 ,6,"10u","Capacitor_SMD:C_1206_3216Metric","https://datasheet.lcsc.com/szlcsc/1810221112_Samsung-Electro-Mechanics-CL31A106KBHNNNE_C13585.pdf","10uF ±10% 50V X5R 1206 Multilayer Ceramic Capacitors MLCC - SMD/SMT RoHS","1206","Samsung Electro-Mechanics","CL31A106KBHNNNE","https://lcsc.com/product-detail/Multilayer-Ceramic-Capacitors-MLCC-SMD-SMT_SAMSUNG_CL31A106KBHNNNE_10uF-106-10-50V_C13585.html/?href=jlc-SMT","LCSC","C13585","$0.0611","2021-03-03",""
D1 ,1,"SS14","Diode_SMD:D_SMA","https://datasheet.lcsc.com/szlcsc/2007141104_MDD-Microdiode-Electronics-SS14_C2480.pdf","40V 1A 550mV @ 1A SMA(DO-214AC) Schottky Barrier Diodes (SBD) RoHS","DO-214AC","MDD(Microdiode Electronics)","SS14","https://lcsc.com/product-detail/Schottky-Barrier-Diodes-SBD_MDD-Microdiode-Electronics-SS14_C2480.html/?href=jlc-SMT","LCSC","C2480","$0.0164","2021-03-03",""
H1 H2 H3 H4 ,4,"MountingHole","MountingHole:MountingHole_3.2mm_M3","~"
J1 ,1,"DC_IN","Connector_BarrelJack:BarrelJack_Wuerth_6941xx301002","~"
J2 ,1,"RJ45_LED_Shielded","Footprints:RJ45-TH_B-1-1","https://datasheet.lcsc.com/szlcsc/1811141116_BOOMELE-Boom-Precision-Elec-RJ45-B-1-1_C138392.pdf","RJ45 12 1 Through Hole Ethernet Connectors/Modular Connectors (RJ45 RJ11) RoHS","","BOOMELE(Boom Precision Elec)","RJ45-B-1*1","https://lcsc.com/product-detail/Ethernet-Connectors-Modular-Connectors-RJ45-RJ11_BOOMELE-Boom-Precision-Elec-RJ45-B-1-1_C138392.html/?href=jlc-SMT","LCSC","C138392","$0.2518","2021-03-03",""
JP1 ,1,"Termination","Jumper:SolderJumper-2_P1.3mm_Bridged_RoundedPad1.0x1.5mm","~"
JP2 ,1,"Transmit","Jumper:SolderJumper-2_P1.3mm_Open_RoundedPad1.0x1.5mm","~"
R1 ,1,"1k","Resistor_SMD:R_0603_1608Metric","https://datasheet.lcsc.com/szlcsc/1811141223_UNI-ROYAL-Uniroyal-Elec-0603WAF1001T5E_C21190.pdf","1kΩ ±1% 0.1W ±100ppm/℃ 0603 Chip Resistor - Surface Mount RoHS","0603","UNI-ROYAL(Uniroyal Elec)","0603WAF1001T5E","https://lcsc.com/product-detail/Chip-Resistor-Surface-Mount_Uniroyal-Elec-0603WAF1001T5E_C21190.html/?href=jlc-SMT","LCSC","C21190","$0.0015","2013-03-03",""
R2 ,1,"120","Resistor_SMD:R_0603_1608Metric","https://datasheet.lcsc.com/szlcsc/1811021215_UNI-ROYAL-Uniroyal-Elec-0603WAF1200T5E_C22787.pdf","120Ω ±1% 0.1W ±100ppm/℃ 0603 Chip Resistor - Surface Mount RoHS","0603","UNI-ROYAL(Uniroyal Elec)","0603WAF1200T5E","https://lcsc.com/product-detail/Chip-Resistor-Surface-Mount_Uniroyal-Elec-0603WAF1200T5E_C22787.html/?href=jlc-SMT","LCSC","C22787","$0.0014","2021-03-03",""
R3 ,1,"10k","Resistor_SMD:R_0603_1608Metric","https://datasheet.lcsc.com/szlcsc/1811062009_UNI-ROYAL-Uniroyal-Elec-0603WAF1002T5E_C25804.pdf","10kΩ ±1% 0.1W ±100ppm/℃ 0603 Chip Resistor - Surface Mount RoHS","0603","UNI-ROYAL(Uniroyal Elec)","0603WAF1002T5E","https://lcsc.com/product-detail/Chip-Resistor-Surface-Mount_Uniroyal-Elec-0603WAF1002T5E_C25804.html/?href=jlc-SMT","LCSC","C25804","$0.0016","2021-03-03",""
R4 ,1,"560","Resistor_SMD:R_0603_1608Metric","https://datasheet.lcsc.com/szlcsc/1811021213_UNI-ROYAL-Uniroyal-Elec-0603WAF5600T5E_C23204.pdf","560Ω ±1% 0.1W ±100ppm/℃ 0603 Chip Resistor - Surface Mount RoHS","0603","UNI-ROYAL(Uniroyal Elec)","0603WAF5600T5E","https://lcsc.com/product-detail/Chip-Resistor-Surface-Mount_Uniroyal-Elec-0603WAF5600T5E_C23204.html/?href=jlc-SMT","LCSC","C23204","$0.0021","2021-03-20","Imperial"
R5 ,1,"1k2","Resistor_SMD:R_0603_1608Metric","https://datasheet.lcsc.com/szlcsc/1811021221_UNI-ROYAL-Uniroyal-Elec-0603WAF1201T5E_C22765.pdf","1.2kΩ ±1% 0.1W ±100ppm/℃ 0603 Chip Resistor - Surface Mount RoHS","0603","UNI-ROYAL(Uniroyal Elec)","0603WAF1201T5E","https://lcsc.com/product-detail/Chip-Resistor-Surface-Mount_Uniroyal-Elec-0603WAF1201T5E_C22765.html/?href=jlc-SMT","LCSC","C22765","$0.0019","2021-03-20","Imperial"
TP1 ,1,"!RE","TestPoint:TestPoint_Pad_D2.0mm","~"
TP10 ,1,"GND","TestPoint:TestPoint_Pad_D2.0mm","~"
TP2 ,1,"DE","TestPoint:TestPoint_Pad_D2.0mm","~"
TP3 ,1,"RXD","TestPoint:TestPoint_Pad_D2.0mm","~"
TP4 ,1,"TXD","TestPoint:TestPoint_Pad_D2.0mm","~"
TP5 ,1,"A","TestPoint:TestPoint_Pad_D2.0mm","~"
TP6 ,1,"B","TestPoint:TestPoint_Pad_D2.0mm","~"
TP7 ,1,"12V","TestPoint:TestPoint_Pad_D2.0mm","~"
TP8 ,1,"5V","TestPoint:TestPoint_Pad_D2.0mm","~"
TP9 ,1,"3V3","TestPoint:TestPoint_Pad_D2.0mm","~"
TX1 RX1 ,2,"PJ-307C","Footprints:AUDIO-TH_PJ307C","https://datasheet.lcsc.com/szlcsc/1811040611_BOOMELE-Boom-Precision-Elec-PJ-307C_C16684.pdf","3.5mm Plug-in headphone holder 5 Female Horizontal 3.5mm Audio & Video Connectors RoHS","","BOOMELE(Boom Precision Elec)","PJ-307C","https://lcsc.com/product-detail/Audio-Video-Connectors_BOOMELE-Boom-Precision-Elec-PJ-307C_C16684.html","LCSC","C16684","$0.0422","2021-03-03",""
U1 ,1,"HT7550-1","Package_TO_SOT_SMD:SOT-89-3","https://datasheet.lcsc.com/szlcsc/1811061932_Holtek-Semicon-HT7550-1_C16106.pdf","Fixed 30V 3.3V 55mV @ 1mA SOT-89(SOT-89-3) Dropout Regulators(LDO) RoHS","SOT-89-3","Holtek Semicon","HT7550-1","https://lcsc.com/product-detail/Low-Dropout-Regulators-LDO_HT7550-1_C16106.html/?href=jlc-SMT","LCSC","C16106","$0.1669","2021-03-03",""
U2 ,1,"ST3485EBDR","Package_SO:SOIC-8_3.9x4.9mm_P1.27mm","https://datasheet.lcsc.com/szlcsc/1810181648_STMicroelectronics-ST3485EBDR_C75809.pdf","transceiver RS422, RS485 1/1 15Mbps SO-8 RS-485/RS-422 ICs RoHS","SO-8","STMicroelectronics","ST3485EBDR","https://lcsc.com/product-detail/RS-485-RS-422-ICs_STMicroelectronics-ST3485EBDR_C75809.html/?href=jlc-SMT","LCSC","C75809","$0.7574","2021-03-03",""
U3 ,1,"HT7533-1","Package_TO_SOT_SMD:SOT-89-3","https://datasheet.lcsc.com/szlcsc/1811062113_Holtek-Semicon-HT7533-1_C14289.pdf","Fixed 30V 3.3V 55mV @ 1mA SOT-89(SOT-89-3) Dropout Regulators(LDO) RoHS","SOT-89-3","Holtek Semicon","HT7533-1","https://lcsc.com/product-detail/Low-Dropout-Regulators-LDO_HT7533-1_C14289.html/?href=jlc-SMT","LCSC","C14289","$0.1494","2021-03-03",""
U4 ,1,"74HC14","Package_SO:SOIC-14_3.9x8.7mm_P1.27mm","https://datasheet.lcsc.com/szlcsc/1811141851_Nexperia-74HC14D-653_C5605.pdf","74HC Inverted器 6 6 2V ~ 6V SOIC-14_150mil Gates and Inverters RoHS","SOIC-14_150mil","Nexperia","74HC14D,653","https://lcsc.com/product-detail/74-Series_Nexperia_74HC14D-653_74HC14D-653_C5605.html/?href=jlc-SMT","LCSC","C5605","$0.1116","2021-03-20","SOIC-14_150mil"